{
    "acc": 0.7745901639344263,
    "loss": 0.448999894813436,
    "training_time": 85.58921575546265,
    "val_acc": 0.8627450980392157,
    "val_loss": 0.35126129805652145,
    "step": 1
}
