{
    "acc": 0.7131147540983607,
    "loss": 0.5512876048928401,
    "training_time": 71.54332685470581
}